"id","old_price","new_price"
"002ed9a6-ebb0-45d9-ba1e-7013edb616e3","187854.51","206639.961"
"004d876c-432a-418c-ba85-1ef42a68cdb4","47948.88","52743.768"
"00a10541-867b-4644-a42d-0c4053e5277c","252586.65","277845.315"
"0153245f-9b51-46b0-a440-9266ac908f17","449477.68","494425.448"
"015428ee-9765-4c94-b71a-9ced3f0fb95f","357527.21","393279.931"
"01557b27-7c54-420b-b648-1c543f9e99a0","112857.07","124142.777"
"0199cd06-3a3a-499c-ad46-38161119049f","191521.43","210673.573"
"01b2cc7b-f643-45ac-8694-34b761280ab7","412084.94","453293.434"
"01d9dbbf-0034-4d58-ae23-4fd54f99cada","472369.35","519606.285"
"021f1219-e302-41c2-9b2b-3f83e8b6ade0","296724.08","326396.488"
"0231f030-bf05-4d01-9f2f-d299110fdcf1","216458.01","238103.811"
"024bef2d-6fed-4a7b-a68f-03cb90091a30","143686.00","158054.600"
"02aeaa77-a200-4aa6-8316-6058851706a6","12685.51","13954.061"
"030e7450-914d-47b0-8ad9-066b2ae44628","335187.19","368705.909"
"038a4ea3-bd20-4541-bf56-109e527036e7","432917.83","476209.613"
"038fb061-6fba-4ff6-a3c0-77813147eafd","321864.95","354051.445"
"03ed9633-fe8a-4c81-9ccd-c62f0fc50327","357806.30","393586.930"
"03f1bc7a-8b00-4296-b681-b678c5009b6a","392937.78","432231.558"
"043c4ed8-7e73-47c8-8b9b-b46ab13174a1","479947.07","527941.777"
"04da685b-db16-487c-964d-1ac63c825b15","593609.86","652970.846"
"05888c02-b885-41b3-b4ab-0763f108cc87","186706.97","205377.667"
"05ffa423-282e-4692-9c73-ec92dba5a337","193319.78","212651.758"
"063e7a61-f503-462d-ae64-457dc9e6682b","263989.12","290388.032"
"06468a24-0e2f-4f90-a812-c3b2b4637612","335277.72","368805.492"
"06488e79-253a-4ae6-bba5-11062b86278a","407303.56","448033.916"
"06577581-fd0f-4fc3-9e88-a61be4b8015c","486286.44","534915.084"
"06e17649-7daa-42ef-8256-c7a323d641f0","143128.46","157441.306"
"06f32800-f517-46c6-a1d6-d5e74156b052","282443.07","310687.377"
"06f95a67-7ef0-4ed3-9dd7-1ac7a8ce891c","499884.01","549872.411"
"07194f80-a57d-4c81-b857-ce1f9b2f6930","39515.12","43466.632"
"0742e098-df6b-4147-a850-d62d62e35dc4","447888.44","492677.284"
"076e9ccd-a664-475e-ac78-85e5bf48bfed","562436.75","618680.425"
"079f80dc-1a55-4649-b13a-252556532db1","421488.05","463636.855"
"07c243f0-698c-491e-8020-be7eb5c524ef","329939.19","362933.109"
"07f55972-02a5-48e6-9bc9-8215cc3dae8c","438049.52","481854.472"
"08000e6e-5af7-4682-9dd7-6bd838cf9296","337918.55","371710.405"
"087f2fdf-f325-4bf3-aa7f-3c6341c61860","515976.81","567574.491"
"08b41ed9-cba5-4c90-8dc9-4af0f0bdde22","630176.99","693194.689"
"08db5666-5195-4b31-8289-d776a4b97ab4","447203.72","491924.092"
"093dbe92-a804-4316-b94a-720e6d4d1daa","328802.99","361683.289"
"095ec3ee-895d-4c4b-a252-16cedbeca74b","157226.51","172949.161"
"09ae4d6c-2c25-44de-8861-7e75e282af1f","240679.78","264747.758"
"09ef39d9-5e3e-4552-b809-e370f23f5ab8","336358.36","369994.196"
"0a1fbdb1-649c-40cb-b9b6-5c4cebaa2375","449709.47","494680.417"
"0a35ace3-5bd2-498c-a87e-271b785ef3f7","203806.36","224186.996"
"0a86bce8-ec31-4288-9aeb-835e6233a415","169262.08","186188.288"
"0aa97af7-8ef9-4893-bad3-01388f6b8805","305828.71","336411.581"
"0b1a89ce-cc9f-4986-813c-de780d425e78","35961.61","39557.771"
"0b402d06-efe8-40fb-ab98-d0748cae0b4c","262099.06","288308.966"
"0bf9923c-a79b-4d2f-9b53-36017ba14493","462336.55","508570.205"
"0c1e79f9-5d8f-4302-a4ea-3f5bf55142d0","304978.52","335476.372"
"0c5feea6-0068-449e-9ee8-2b0b4830c621","330169.57","363186.527"
"0c9a55b1-6515-4a8c-afb1-5d2618bf2534","246172.72","270789.992"
"0cece4fd-4bf2-4fae-b5d9-def7804f86ed","392693.39","431962.729"
"0cfb5d9d-7e4f-4687-bbdb-2350ba5e6d3a","641423.24","705565.564"
"0d43e187-b6b2-4adf-b30f-16cb86f4fbf4","24485.40","26933.940"
"0d59b0ee-9e1e-49cd-ae70-f71e1f27edfd","305747.86","336322.646"
"0d74f634-5234-44de-972b-8a0dcc3043cf","51784.66","56963.126"
"0d8d5ba8-bb33-4122-8e6f-8aac725328e9","355748.59","391323.449"
"0d953cf5-9204-4b4d-85cb-36c500abf495","387546.42","426301.062"
"0d97e389-3a8b-4fab-9139-fa159d30c983","55765.49","61342.039"
"0d9e3194-6d8b-4b94-9ac1-4075c710322e","409365.70","450302.270"
"0da786cb-bf74-4c06-85e1-cdc2f0b0a606","332778.92","366056.812"
"0eca416b-6d04-4f52-a2a9-4aa6cddf4129","646755.09","711430.599"
"0ecdd9b9-3742-4509-8145-ea93b9a97a80","530133.14","583146.454"
"0f334682-dc71-452b-bbf8-53861ca32e1c","23666.06","26032.666"
"0f88a24c-a199-49d6-8ccb-3d154c3a326b","95351.50","104886.650"
"0fd49500-cba9-4fec-ad7c-e13c74ffd274","45748.12","50322.932"
"0fdd157e-9c9b-46ed-a449-348a9a6e573c","212249.73","233474.703"
"0fe2548a-f8eb-40fc-b5c5-39bb601b3ea9","360439.27","396483.197"
"1077922c-7cdd-4ec3-aca2-6b7b44041c74","30320.86","33352.946"
"10dcec44-dcd2-4cd3-8e76-2f5744bbc46b","37566.13","41322.743"
"10e33a2d-5eb9-4bc6-981a-1689122fafdb","584929.80","643422.780"
"10f49fb5-6bc5-466c-b9d7-be85bc5b5f76","321522.11","353674.321"
"110f34ef-6911-4dd7-8eab-cf944faeb004","563580.81","619938.891"
"117dbd45-a710-4fad-9eb6-c7c14d851d2d","306650.66","337315.726"
"11b4f5e0-20a0-4d7f-b2d4-63ca292d2b16","18533.24","20386.564"
"11db0ad6-bf17-4bcc-b27c-16b629cb5223","152433.15","167676.465"
"1287c563-b5e1-40a2-a670-b64b58ef356b","468379.75","515217.725"
"12beb7e3-8581-4168-86c3-1ca4d3dd840f","17471.36","19218.496"
"12d46dd1-0afe-4bf4-a4d3-fc83a2937cae","35975.84","39573.424"
"13ccd244-0c4a-4709-8f73-c30c8e1a251c","118267.84","130094.624"
"1445b807-3a10-4239-8ed0-23f6fc6964a6","412507.87","453758.657"
"145df9f0-b6b1-49db-9115-d8f528ff43bf","761544.99","837699.489"
"145f334b-c800-42d3-9b5f-7d0da8d47d1f","208729.88","229602.868"
"147b36e3-8144-4b34-b74a-e02b6546ec26","357078.12","392785.932"
"1486ec31-4666-461b-9c61-b3d7fe1adb80","157365.32","173101.852"
"14c95ee0-21eb-4315-8694-3e3e70f4598a","336623.21","370285.531"
"15393602-22f1-4d02-a560-1295b8c82e9a","244115.43","268526.973"
"15441e54-810d-4d8b-b029-a693bc25eaa1","355416.53","390958.183"
"1592f2aa-3210-465f-962c-95391c6e2e18","534679.37","588147.307"
"15b7cacc-5d8f-4474-8d1d-9ff7396eb91d","208500.88","229350.968"
"15cbbb54-5d00-47d1-b21b-b19fd5feec20","336046.59","369651.249"
"161fdb75-9227-4fd3-8cab-0a7a9359cc20","331240.59","364364.649"
"165d6c3a-3e8b-4bb6-a788-a14b23b3734c","523659.84","576025.824"
"166de0c8-7ce6-4759-bf05-8718e6afabe5","419028.03","460930.833"
"169e052d-3857-4700-a8cb-98a54167daec","145826.46","160409.106"
"16b61de5-bec5-4028-af33-ccf99922730f","46994.09","51693.499"
"176f29a0-9638-4df6-bad8-bf7946e74b89","380317.93","418349.723"
"1789713f-1564-4180-87f2-7cd85f7629f6","86387.86","95026.646"
"1789b133-3cbf-420e-8217-4dc3dbbc7fba","128279.50","141107.450"
"17a149fa-7bbe-412e-b0b3-d6564e9a45be","109155.99","120071.589"
"17b63305-cd45-4ad1-aee3-6c78a99b687f","245155.55","269671.105"
"18156d7c-b8a7-4313-aa39-c7fbcc1a8818","476768.59","524445.449"
"189f4a38-c4d1-40e6-894b-b3ef315060f5","467130.51","513843.561"
"18ee28bd-1686-4b87-b6d2-9778c5273023","310870.36","341957.396"
"18f23855-daa1-4368-9493-bc79e1c6d2f7","1281.91","1410.101"
"18fd2998-ea50-4dfd-93c9-9402d95559d3","127337.66","140071.426"
"1952d15c-dd7e-43db-963a-450189a7fc15","413710.48","455081.528"
"19dc8942-89f5-47c5-b9ff-2afadabcd30b","147639.12","162403.032"
"1a9b9c0a-4ec3-4710-b1d8-48d723e15eb3","411955.37","453150.907"
"1a9f157f-3bf4-4a9e-8edc-38344e845c83","196945.02","216639.522"
"1ba3afd3-0a86-4da5-8ae5-e5034b842f40","289190.52","318109.572"
"1bae0fa3-7a53-4493-a1fa-6c25a8c93499","97195.33","106914.863"
"1bb5f377-d991-420f-84cc-73b77c7b3ff9","373815.60","411197.160"
"1bc7619b-126b-48cc-b03d-33e1b4f924e6","122058.29","134264.119"
"1bcb4d90-51ce-4d35-abdd-085ede85e64b","245879.58","270467.538"
"1c3d2284-cf0e-42ca-ae16-1ae2a6681b74","171678.93","188846.823"
"1c5f0d8e-e693-44d2-b456-90b742319920","551610.73","606771.803"
"1cb258ca-2d61-4d5a-81e1-df8c0a0df0f2","462392.08","508631.288"
"1d01ba09-f8a9-469c-a33b-1a4bcdd5f36f","212563.86","233820.246"
"1d39f484-9605-4bbc-8373-797718880fbf","153607.17","168967.887"
"1dadfd94-d094-45c1-8d99-a0becd1d626c","292959.76","322255.736"
"1dbb5caf-20e3-456b-a6b6-081aaa1e7e53","118971.79","130868.969"
"1dfc89c3-0182-4cf9-b084-4ee9748d3e12","440161.22","484177.342"
"1ebad5a0-5df4-40c6-ba76-1f1aca990402","13696.47","15066.117"
"1ebf1192-f0bd-40d9-83cc-caafbc2c56b3","169118.06","186029.866"
"1f020103-efd4-4817-a50b-96199f1a4ae6","196285.71","215914.281"
"1f4a844c-7e48-4ce2-8d90-4b612973c79c","291574.81","320732.291"
"1f81fd86-b94b-4fcd-8614-f32a0f29b76e","349621.43","384583.573"
"1f9430a8-dc81-4d61-b622-33a8ed7401ac","261128.63","287241.493"
"2025cdee-71d5-4d35-9ceb-9df0e1046517","224568.42","247025.262"
"20513310-2fe0-4275-b9b7-67ee3824163a","238704.61","262575.071"
"207399c0-e067-4951-a0c2-e661c51e2f7b","233059.01","256364.911"
"20a35e0a-0a00-43ba-a26b-523c8daf87f7","285432.10","313975.310"
"20e301a4-5753-4bfb-a714-70dcc5f11957","221990.22","244189.242"
"2103b14c-ea26-4642-9b68-179f156dde97","505007.67","555508.437"
"215f158e-36d7-4d29-9d0f-b1483c8153d8","157354.19","173089.609"
"2181a9fe-3b1f-4bfc-9590-22f9b7bf792d","586081.80","644689.980"
"21b9ff50-6b91-434f-a487-e8634bc776d7","486808.86","535489.746"
"220b9f45-d844-46f0-9107-b17347b1f8a0","608.91","669.801"
"225828fc-9e49-4b02-aba5-c4b69a269732","295876.22","325463.842"
"2278dc17-caab-4b93-9f7e-f5b89aa84f6f","22503.66","24754.026"
"22a63f18-adfd-4438-afed-8fadf891b7c4","541450.43","595595.473"
"22a8a489-5f78-43dc-896c-fb85af6d13e8","415323.41","456855.751"
"22f473aa-d1c2-41d0-a4bb-7b2e262aa8fd","470310.80","517341.880"
"232ad2b3-65c2-4a99-ae31-bfb4013155b2","401018.72","441120.592"
"236236d4-c277-41a5-aa8d-ed47a2114fb3","41830.79","46013.869"
"237f2c93-7db0-4007-b9c2-5feb1dfd4585","604080.83","664488.913"
"238fab18-1486-4eea-8b5a-f907a7830f30","95279.53","104807.483"
"247ea1f9-8fdb-4b57-a797-a57483b561df","344424.60","378867.060"
"249797d7-9e2d-4fae-a6a2-e5a6143c99e4","342000.03","376200.033"
"249be34c-cb79-4bb8-b120-9303a5c7a167","402138.30","442352.130"
"24c9bc58-fdde-4a7c-bbb9-dabb7c77832d","492840.26","542124.286"
"25050556-6bbd-42c1-9539-8d2eecf6773b","280114.19","308125.609"
"253e5db2-cab4-44d0-b6ec-9fe6074a373c","168010.62","184811.682"
"25572e22-11f6-4ae5-8ab3-518ab6393f23","29849.78","32834.758"
"25da95a9-3fdd-4814-93d9-f0c20591ac7e","253883.21","279271.531"
"261b3da9-9b95-4769-ac1e-1c0ec331dc22","173279.79","190607.769"
"26606974-3226-48b3-87ae-4885e9b3eb67","649546.24","714500.864"
"26c95676-b33f-43bc-91a8-1a5aac8965a0","155481.00","171029.100"
"270760a4-cb21-4128-b667-94c28b1f15c6","575664.89","633231.379"
"27085a88-d835-4452-8c6f-e7bb233bce42","70436.37","77480.007"
"270ea24a-acee-440a-85f0-0ef343fe0577","383674.69","422042.159"
"271dc3b6-60b1-4c35-be9b-4ea11366cc6d","385415.82","423957.402"
"2742e005-d94f-40f2-b189-1a22c5dccca7","146352.49","160987.739"
"27436c5d-407f-4f2b-af01-ba2efe4de3b2","305306.82","335837.502"
"275078ff-06f6-40af-b270-fc1b4081d7a9","57606.92","63367.612"
"278d8c4a-586e-4f90-859d-087192edb6f9","488862.07","537748.277"
"286d6f17-8e9f-4253-8997-64cccfbb6a3f","305361.32","335897.452"
"288bf667-4a06-41e1-8cb6-4425ac91ffca","137194.16","150913.576"
"28ab842d-9ea0-46c9-b31c-2b48added2f4","62385.39","68623.929"
"28ad51d4-bf0f-419e-afcb-2ebc43299dfb","171642.28","188806.508"
"28b467b4-bef0-427a-982f-00f91280dedb","449904.27","494894.697"
"291e33e3-c9f6-4aca-8311-d065079d7ef3","491170.96","540288.056"
"2999dc50-d60f-48ac-824a-edc6431be91c","435556.00","479111.600"
"2a35eb25-8029-405d-9ecb-cc1ba50f48db","109254.05","120179.455"
"2a6685ee-e87a-43c7-ac6d-008d0bdf9230","88269.12","97096.032"
"2abbebcc-9218-4ca4-8c1d-0b3a65387290","485956.83","534552.513"
"2abebb35-b4aa-4d8b-87a1-9cb69b9cafb4","419329.99","461262.989"
"2ac39a7d-663d-491a-89c4-1f5531e71333","144273.84","158701.224"
"2ade233c-e21e-48b7-a007-ee8520cf636e","320864.34","352950.774"
"2ba6f49f-5a8b-4ede-bacd-00d2633c2d93","366882.85","403571.135"
"2bb20147-5302-4eda-b62b-ac1fca07bc7e","456685.53","502354.083"
"2d3339f3-3438-4ddb-8ff9-839c498fbc49","362748.73","399023.603"
"2d7070c9-eb2f-49f9-b24f-1cf34346ba78","455346.95","500881.645"
"2d8826c5-ed5c-45af-b817-4601f5273ca0","336537.99","370191.789"
"2e442443-cf78-42f6-a4ca-590945287003","415.89","457.479"
"2e4d05c0-9f99-4f13-9414-9fdf9d055769","353459.71","388805.681"
"2e6e20eb-ca47-4f0e-9958-c71bd8573aff","204448.83","224893.713"
"2e79802c-e2a1-419b-8789-fda6aebea73a","86911.59","95602.749"
"2ea9641c-afc2-43ec-bb56-6da87e70d187","47162.24","51878.464"
"2ec64a6d-fb10-45c8-a4db-b34f8f1ef262","230470.55","253517.605"
"2ee53d38-79db-4e4e-a663-da2411a17445","447857.83","492643.613"
"2f24c678-9136-409e-acf7-9c735560bfbd","222330.15","244563.165"
"2f9ccd24-523f-4afc-9ede-e27db00b0b6c","439284.95","483213.445"
"2fc016fa-3b1c-41a6-a9ef-9a63a0702449","130584.97","143643.467"
"30070f80-0c40-4d32-b509-7b2b250ec39a","329736.10","362709.710"
"3012b578-a5c8-4bd2-812e-7076ae7cbacb","69986.92","76985.612"
"30623816-8e7b-4e35-b9b6-dbd2d324fdf0","274471.88","301919.068"
"30b6dac2-0d77-4a3c-aa2a-12c3bacbc4ee","325587.11","358145.821"
"30c3fca6-48f7-494c-8b4a-7b2bdae58f11","407377.51","448115.261"
"30d27730-4234-4afe-a89c-2fe98b6c87e5","21948.19","24143.009"
"30de63fd-95af-45ab-a65c-97b6b0333aad","32420.69","35662.759"
"30fd40f8-87d4-4d6a-a5bf-8225cc9497c1","104072.93","114480.223"
"3102a88f-a2fd-43f9-a96b-2385b267c044","265503.36","292053.696"
"31826d71-6d47-4231-9471-0f8655430aee","516949.64","568644.604"
"318efc66-1da0-4199-be9c-1e72677c9d2b","593171.29","652488.419"
"3194a5e1-d6a0-40fa-92a0-8278392b7f70","82828.83","91111.713"
"31d803dc-c87e-4eb6-83b9-1de0a6a4bc32","533147.48","586462.228"
"31e301fd-9ef0-417a-b8c9-0446d4ff02da","404994.81","445494.291"
"3270c2a8-74e3-4709-a6f9-a8984fef2738","518224.36","570046.796"
"3275ec78-077b-46eb-92b5-358b3ed728e8","411091.22","452200.342"
"32902b33-c187-48f5-9d21-1c09b17b6cc5","423005.61","465306.171"
"32b2165f-c0f0-4580-ab3f-06838e268c5c","198259.86","218085.846"
"32ee203f-8e81-4b2d-bc79-17ff3f9022aa","37136.51","40850.161"
"33a8fc34-07aa-4743-92bf-b3680ef482d2","485105.95","533616.545"
"33b0ac33-d225-4c8c-bc5d-60e181f080ce","534755.76","588231.336"
"33cc4da5-917b-40e6-ae32-7eceb1c619d8","332097.08","365306.788"
"34000f71-cca5-4af5-98b6-95e494b7f75b","463400.80","509740.880"
"34158600-591e-4afa-8940-6d13aaa12471","165664.69","182231.159"
"344d321d-3545-4e35-a171-3c0388dcc6ed","441693.10","485862.410"
"348f96b9-8518-48c6-b43e-0abbe29cadc2","469069.83","515976.813"
"350696df-7e92-43d1-be3a-45bd441f08d7","389287.01","428215.711"
"352b9ed1-b3c8-4fe8-aa12-e8a4e86c473b","609634.83","670598.313"
"3604bcc8-b846-4d49-9bcb-23de60088846","125963.41","138559.751"
"365fcfa8-2a49-47a3-ae0b-1de939f3bd81","132138.05","145351.855"
"37242523-cb89-4f69-83e7-ef390ad701fc","59880.13","65868.143"
"374ad051-901d-4226-b702-25de7cd9f91f","444709.13","489180.043"
"37b2fae0-be20-48f3-b7fa-95afc05dc83c","176977.49","194675.239"
"37beecf1-910a-497b-9d42-5699294245e2","572588.60","629847.460"
"37e6eef9-52e8-4a6d-b538-02e84bae249f","518624.82","570487.302"
"37f93a4b-2404-4172-ae0c-8725278dda45","348590.88","383449.968"
"386e55d9-c807-4530-9532-6b6eebfeda88","519837.18","571820.898"
"39bf9204-a013-4190-8f22-0ede0733f404","97424.40","107166.840"
"39c02724-1a93-4f28-82c8-dff85ac0a265","453198.85","498518.735"
"39cbf75f-1007-4658-ab7d-37dbb1f6fa6b","420343.36","462377.696"
"3a0cf3d6-aad0-4271-82df-f1311ab2384f","73998.67","81398.537"
"3a1f9d59-5d9c-4f77-9df3-563b177bf77e","209405.57","230346.127"
"3a3a2df1-7a99-46cd-99cd-86a05ba22216","501590.95","551750.045"
"3a770b73-0f8d-4b34-ba99-c7b1564572ac","70541.99","77596.189"
"3a83c4ea-83e9-46ea-8b96-02c8128abad2","181966.17","200162.787"
"3aa3d703-a73b-454a-9723-535cf1900456","451179.54","496297.494"
"3ac4b6f2-bbcf-4b12-aaaf-9b271be9223f","362600.62","398860.682"
"3aff7857-268b-4954-8014-475cefc795c1","331766.63","364943.293"
"3b3f3b88-2faa-47b4-89a3-b35f745e06e4","473470.61","520817.671"
"3b6197c5-424d-4974-8d9c-de350027aba0","314898.89","346388.779"
"3b61b99c-8ee0-44ea-977e-065263cc7c06","94028.33","103431.163"
"3b79226d-5ccd-4242-b767-ae690b7115da","377036.75","414740.425"
"3bb41a17-19d3-446f-b1b7-f9f9450d3b1e","365188.38","401707.218"
"3bdd2228-c2b3-4f3e-9b2d-538d1d790ec1","266568.57","293225.427"
"3be224f5-894d-4ec1-8187-48657c7e4df5","17067.75","18774.525"
"3be429c6-d47f-46c2-83ac-d960d57b6d52","371866.48","409053.128"
"3bed9f87-5ca4-44a2-b879-1e67f3cc445d","489735.29","538708.819"
"3c3910e1-2577-41b6-a905-8c22b2aedf8b","95964.24","105560.664"
"3c612be3-4e1a-4f4d-8cac-0c33a770cba8","523191.05","575510.155"
"3d523e84-0bf3-4842-aec1-e330e4b5ae51","161127.44","177240.184"
"3d72034a-3f03-404d-bb70-a46c0977fc74","401425.12","441567.632"
"3e02ae5b-f3e2-4eac-b241-a6b8e94f406a","84684.17","93152.587"
"3e35efd8-7f0c-458e-9b88-08813f9dd1a6","490612.13","539673.343"
"3e4be9e6-c763-4c49-a781-529c6336dfbe","331321.03","364453.133"
"3e54b89f-11f4-4e3c-ab06-da71a8b81e14","213655.07","235020.577"
"3e700cb4-809a-44b9-a781-552c868255e7","72376.18","79613.798"
"3e8f97a2-0f39-45e8-b154-078121841507","320615.26","352676.786"
"3e935c48-de01-4557-a693-95054ac5e0aa","98575.16","108432.676"
"3e9b7b3c-3db8-41c4-b619-810c01b16d6b","440988.28","485087.108"
"3eaf9efa-b7d5-47cc-98e1-5c980a487d6c","217820.19","239602.209"
"3f36498a-9223-4a68-bf6a-1b4b270e7726","349647.66","384612.426"
"3f3ff0cc-75e7-4f40-a63f-25ddd6ab4f8f","339569.29","373526.219"
"3f797257-27a1-4d4e-8a03-ab3670fd695a","366725.99","403398.589"
"3fc87001-f715-4ec9-b58d-d227670d425f","453154.83","498470.313"
"3fcb15c2-5069-4041-9da5-387d1a60d22d","444072.98","488480.278"
"3fe4b09d-c2f4-458b-bba7-8e896efc51e4","518770.91","570648.001"
"3ff97e60-9d57-4444-88c8-586a42ebe9b7","4090.87","4499.957"
"41aa1e5d-221c-44c4-abd4-d4fe50381e99","163311.65","179642.815"
"41bb3f05-2f16-4f90-8a50-7f30c7f745ce","153345.48","168680.028"
"41cf3289-a290-4c7f-8ad3-f8f39a5b4f7e","436495.73","480145.303"
"4291fee9-5fab-47cb-8693-638d437b91f6","617238.23","678962.053"
"429761f2-961f-442a-b711-680612bfc8c7","268087.31","294896.041"
"429f0d47-9b01-4a77-bb71-77472601dbc1","473597.29","520957.019"
"42c086b5-cdc9-4dd8-94ee-f1059cf92528","327297.78","360027.558"
"439cf304-0c95-4343-bcfd-1b09af149398","384722.99","423195.289"
"43b8d2d1-99e4-4e66-a762-72832e36a3d3","139666.33","153632.963"
"43c97f29-be79-49ff-990b-417f89f0193e","167219.57","183941.527"
"43db1730-f715-46c2-b4dc-e0e4fc8da2fa","9440.28","10384.308"
"43f7e6c8-64a4-44c1-b382-39f67621870a","366368.75","403005.625"
"454dc8ee-7492-428c-9778-56b67ea30e6c","148897.76","163787.536"
"4607df71-1dd7-4907-b023-edf0a2a4e32d","198342.84","218177.124"
"46920dc6-73f0-4459-a55e-244c0d15a4e8","311696.61","342866.271"
"46a8f1be-44db-4682-9a48-f99e241a0f48","525599.16","578159.076"
"472920bd-845d-415d-bc9a-2407dd9eba3a","28652.03","31517.233"
"476af231-e4f4-415f-9207-310624e40030","337431.94","371175.134"
"47828ef7-4cf4-4bbc-984f-0fdf22904194","531940.11","585134.121"
"47b95da6-2002-4c97-8fd7-51750f2240a3","493711.14","543082.254"
"47bcfc91-14ed-40ee-bd96-4ea29666fbd1","607158.71","667874.581"
"480540d4-4f27-442d-b693-c4ec28d27d22","162263.81","178490.191"
"48b403c6-7e90-49de-82bc-dc769199b908","489230.46","538153.506"
"48c11da9-56ea-4e6c-9f60-cd24630e4afc","466945.58","513640.138"
"498e4b06-8898-4e50-a4b3-adc768fccbe0","238646.20","262510.820"
"49926971-763d-4150-aebc-b0188ac468a5","373823.54","411205.894"
"49ca6fdd-fffd-46d6-b272-bb98db2aacb6","177733.25","195506.575"
"49da62b4-8542-4f6c-8f1c-8ddc6e627d3d","506437.55","557081.305"
"49e0527d-82c7-4f1b-9315-3a71cea6d40a","376366.14","414002.754"
"49f232d2-008e-4422-b704-e0104fc6346c","418549.63","460404.593"
"49facf11-afe5-4cc5-a886-a2e0f5d28523","77805.01","85585.511"
"4a27a1dc-634b-4276-91d7-3ad3ace93cd6","310400.85","341440.935"
"4a314920-5a74-4507-9529-d3df139dea2d","257996.90","283796.590"
"4a55a0d7-9740-4bc5-8ece-f5405d0edb99","330702.14","363772.354"
"4b75c185-a1d8-4d7b-9502-a9c3e06e18a5","578734.51","636607.961"
"4ba889e7-b735-4ee1-9226-44aa43cc7aab","377573.93","415331.323"
"4c092c94-a7a2-46f3-b47e-3d86ea8d6a7d","433272.05","476599.255"
"4c9df697-c1b4-4334-b7a7-6c53f8ca0e84","113212.85","124534.135"
"4ce4559d-a90a-45af-87c6-88dbfc41839a","39716.60","43688.260"
"4ce51b65-7954-467a-a402-d7c1eeab8f3d","47386.22","52124.842"
"4d32a848-7f1c-4a91-88e0-9d6baac82322","174804.93","192285.423"
"4db63a92-c9dc-422c-b815-827d1515335c","456062.18","501668.398"
"4df36c59-d2c2-4268-939f-ec0a5f03fb09","520914.81","573006.291"
"4df5f13c-4840-48a2-95c3-14a887c28b7f","204120.25","224532.275"
"4e4d9c33-b032-445c-bb12-bc2f29e9e4f2","48041.51","52845.661"
"4ea5d635-e394-4d59-9916-8894f2c7d386","587317.75","646049.525"
"4f67d655-5136-4526-88fc-4efb167de416","298333.81","328167.191"
"4fb81029-a4f4-46a5-b421-263222142044","66744.08","73418.488"
"4fd1554f-d3c7-49cb-90dc-5e8f9061dd94","262054.97","288260.467"
"4ff00ba3-bffb-4db6-b07d-22e710a5b5c5","539766.03","593742.633"
"500b3d73-eb07-4a65-8534-7641aae787a7","489154.08","538069.488"
"503d45d8-9377-4cc4-91ed-88279ea90ee2","138476.35","152323.985"
"5086ee89-30ce-45fb-85c7-1c6b69c21053","4375.47","4813.017"
"508d3419-afd1-4970-8bac-935a91872d50","312450.60","343695.660"
"50a9fdfa-89e2-4f21-b3b8-cc32da32ff75","187793.79","206573.169"
"516a770e-f4d0-4132-98be-a30a89d308b5","404970.51","445467.561"
"5186abb8-f358-41c1-9b36-393d1721f39b","303307.82","333638.602"
"51d88c06-d5ce-4e41-9b7d-ccc193dfef83","444183.14","488601.454"
"520f9238-8662-44ae-8aa9-a2956f04320f","66249.55","72874.505"
"52112eae-0a5a-430b-9c9b-513c09089c0d","205587.13","226145.843"
"52476a96-4b13-4bbf-a18c-120252420688","352710.04","387981.044"
"527d036b-dfa3-48bb-a1b7-370f6985d3d8","497962.77","547759.047"
"529c6c0a-fd12-4db8-ac83-d8d870debb91","277313.03","305044.333"
"529e9add-bae3-490f-bd63-b53d8cc51a87","221433.50","243576.850"
"52b250c0-eef8-440a-acb1-e9e75856cb7b","166498.95","183148.845"
"52f72019-b149-4ef8-bc1f-0032d36f2c3b","144665.68","159132.248"
"5347b4ff-d920-4816-900f-ad1905ee9f32","210248.83","231273.713"
"53683f76-98d4-44b2-8adb-cb24e6c6dcfa","240916.64","265008.304"
"53890272-9d4d-459b-aa4d-f09021bf7af1","7758.65","8534.515"
"53aaa222-636d-4266-b4d6-f09202693072","126405.47","139046.017"
"53b0f72c-bba4-4b10-b056-76020cda6e44","526653.66","579319.026"
"53f8efcc-f7da-48ac-b3f9-df5c69614d16","225649.34","248214.274"
"545b9e79-e218-4452-bb3a-cde6741d1ba7","601821.34","662003.474"
"547d6f8d-a9c9-462b-b701-c6271fe8fb5d","308105.81","338916.391"
"548080a5-b2fa-4424-970f-497c66374b3c","26093.86","28703.246"
"54ae79dd-1be3-44bc-9096-2d7f41b4e32a","365011.31","401512.441"
"56130a37-b672-42a5-82d7-3f4fb426224c","362291.18","398520.298"
"561c98e0-4aea-4d96-adff-accd2892a1d4","142792.51","157071.761"
"567a7ade-c8a4-44db-8755-6e58b57254fe","377126.48","414839.128"
"56954093-af27-4fe5-b059-bd65c5d3613b","356973.28","392670.608"
"56a6ac92-02a6-40ce-b005-edc87875b83f","77779.42","85557.362"
"5763af7c-27d7-4aba-93a8-443b5c2ae7a1","14563.81","16020.191"
"581eac9f-5cc2-4de3-ba69-633e3395972b","423417.13","465758.843"
"58856bd0-fc36-4062-ba16-05e555d06935","381463.17","419609.487"
"58d53f70-947d-468d-a1cb-db95b2097123","495808.58","545389.438"
"59015114-810d-484a-a337-e1d49f91a123","496094.21","545703.631"
"59f66d48-0f76-4d5b-872c-066b9198194d","246702.73","271373.003"
"5a51a291-03be-4a78-8962-d8ad0617ffa0","363312.74","399644.014"
"5a7edde7-e706-4370-81d6-9bf0ecb339df","203617.57","223979.327"
"5a833503-8bb9-4707-99d0-733ac425bcab","99731.45","109704.595"
"5ac7a90d-603e-456c-b808-a9e9a0fe6bb0","560063.27","616069.597"
"5ada87d0-1a19-4818-903a-f9511b603c93","139413.34","153354.674"
"5b27c0ae-4956-439c-a3b1-89884bd6b0e7","322892.25","355181.475"
"5b343c12-9232-42f6-bf99-22a8c453f6c4","477035.88","524739.468"
"5b91a36a-3506-433c-b373-6d8a63b999f9","410579.85","451637.835"
"5bbbf5ad-bf49-4fa2-b7ae-276cbae607cb","49135.78","54049.358"
"5bcfac6d-2dda-44f7-8678-1a0ac7345250","605383.96","665922.356"
"5bd99fb4-65c7-4076-8a1a-eec75b0417d0","590266.94","649293.634"
"5c764d62-f086-47ce-97cf-f1cab532e2e2","423277.94","465605.734"
"5c93781d-d906-4b01-bf20-6af602481434","405373.16","445910.476"
"5cc851c1-9769-4fc1-b132-f22c35135905","337338.34","371072.174"
"5d28d587-75e4-4cf9-86a0-a14031757853","406919.46","447611.406"
"5d28f2dd-0765-46c9-8de4-050455e6836f","217739.94","239513.934"
"5d397c67-467f-4cfa-a63d-0e511b6453eb","406325.52","446958.072"
"5db929c4-1ab8-4bbf-a944-bb9765abcb6a","362906.23","399196.853"
"5dc3fd6e-07c3-424e-a84b-09092fb49ad0","520107.13","572117.843"
"5e0e69cf-afc3-4497-b2ee-96123ef74408","133483.49","146831.839"
"5e4f9586-c192-4d0c-8ff3-9906032e61b5","494993.95","544493.345"
"5ed6ff16-d135-437c-9717-e1cccd64c423","201705.83","221876.413"
"5efb1ac9-dec7-4441-bdf8-bf7c072b62fd","136405.71","150046.281"
"5f3b6a78-7eff-4ea8-b906-142a9110dfa0","312948.31","344243.141"
"5f6f0785-f00c-4544-b998-d5e4b1ca52b9","191334.76","210468.236"
"5f9a89bc-3e81-41c4-869a-1cc6553af8e7","207088.34","227797.174"
"601d8d5c-4686-4910-a973-cb93e7aa3976","115918.51","127510.361"
"60603773-2ccf-4b97-aa10-fbcbf0e543a6","31722.94","34895.234"
"6087b677-b1ba-4fbf-8209-b0cd1e411fe3","9945.03","10939.533"
"608bd091-e342-4fef-9157-afa330df3821","514387.79","565826.569"
"60f00257-5581-4139-8408-9668f04df523","216009.67","237610.637"
"60f61463-c2b1-4d71-afb5-13687a752738","259558.60","285514.460"
"61804824-b1ab-4866-a440-7a156d054137","495569.79","545126.769"
"61ee8a53-bb7e-49a5-bc21-d60d915df459","173361.74","190697.914"
"6268e7cd-c4bf-48cc-86b8-54aa50178583","683247.31","751572.041"
"62fa018c-6fa5-4b87-90aa-3dd3e6606f44","72067.49","79274.239"
"631a07ba-e580-42ba-8d08-0a8a151c098c","557494.04","613243.444"
"6384b7c1-f0af-4fd5-afbc-5b24da647233","412029.19","453232.109"
"644d30bb-c3b7-4ff0-bbd2-89392077c225","405411.13","445952.243"
"646baa92-23a3-4475-b410-2b720ab95334","277669.21","305436.131"
"6471282c-2778-402a-b86b-1a45496a3533","129866.83","142853.513"
"64c03d7e-0e78-4700-bce6-fdea691686c8","254416.81","279858.491"
"64d175f7-1201-487b-b167-72d31c2d2a2e","258660.17","284526.187"
"6578fda9-c8c0-4af4-a636-e47977d33da1","293827.58","323210.338"
"65795975-e083-4304-8b7f-d8430e013562","461825.28","508007.808"
"659f2851-111e-43bb-a5ea-a669dd3df7da","527800.86","580580.946"
"65c46716-eaef-4e2d-81f2-94909c0c284c","504254.98","554680.478"
"65ca0c19-52d6-4bea-8f66-338fd0d46512","178123.84","195936.224"
"664cae8a-a1a2-40cb-80a7-f991c96cf344","407361.05","448097.155"
"67511e90-e047-495f-9603-db88eda98817","181913.86","200105.246"
"678eb4ab-0729-4ebc-8e55-154b0db4f4f7","301802.38","331982.618"
"67dd5316-ba05-43b0-ad0f-613a763ffea9","81763.56","89939.916"
"686e1d0d-9466-431f-9e1c-354183700784","415789.11","457368.021"
"691f2109-8db6-4e3f-b92d-f9e6ecfe2304","28681.54","31549.694"
"69667133-6bce-477c-accd-e66bb70ec98f","218064.83","239871.313"
"698383c0-b89e-405d-9818-3fd3f04002c3","337561.42","371317.562"
"69b253d7-a4fd-4215-91d2-9354d81b3975","224502.16","246952.376"
"69b8fbe9-7916-4657-bbc0-4f8b1a02c71c","110338.43","121372.273"
"69dce37d-2594-4690-aa10-f68ff48a198f","41083.36","45191.696"
"69dd954c-269d-4762-aeda-fbab6267e52c","290460.64","319506.704"
"6a093aa6-a9e0-4c2e-be70-51127e5b8827","326536.54","359190.194"
"6a812f5f-a86e-43b9-93e5-f2633cef6911","246744.61","271419.071"
"6b7e0117-e165-40a3-9c45-9ff0464a84f2","503464.74","553811.214"
"6ba97f2c-72d3-4b85-bc3b-f0b299b69edd","23435.07","25778.577"
"6c04e2ef-6e5b-43fc-bd44-b960abd8a508","483083.80","531392.180"
"6c1840e6-4958-4d5f-8ff2-d70cef86c8a9","564866.26","621352.886"
"6c1ab1bb-4b34-4c94-af93-295fe5c6eb11","388927.75","427820.525"
"6c9fea68-4f46-43e8-85f3-c867b703dab4","274726.65","302199.315"
"6cb7a0d7-9b13-4bd9-b837-0ed6d30ebe5a","197689.60","217458.560"
"6cc75262-b0db-42dd-bf3b-ce1a53aeec04","156262.85","171889.135"
"6cefbb2d-babd-41fe-ab1b-0b99b3d16068","208051.54","228856.694"
"6e28e9f6-86e5-40fb-98c2-4eef8afb13bc","4620.41","5082.451"
"6e445644-bcb1-4a86-935f-91eaa9ecc63e","24811.25","27292.375"
"6eed9d51-4b65-459e-824a-e9f200189241","427348.72","470083.592"
"6f08c3ee-7eba-45f5-bae4-ee02fd983e32","410397.44","451437.184"
"6f134ecd-4d88-491d-a7a9-03259664b9bb","208376.38","229214.018"
"6fa970a8-a73b-4925-896c-5eaedb641f64","421017.96","463119.756"
"7043a173-ede5-4545-8662-41b9a5a5ac83","291491.70","320640.870"
"7046484d-737f-431c-960a-8eab5bfc72d7","282382.31","310620.541"
"705b92e3-d666-40e4-9aeb-ce32a00bab50","370614.09","407675.499"
"70b60666-091a-4a55-85fc-4473ac22bbe7","501813.65","551995.015"
"70edefdc-8cd1-4597-8f2b-780268b8a331","293405.74","322746.314"
"71060cda-dca4-48f7-ac40-043ea8066b26","119200.40","131120.440"
"7135a9d1-6077-49c9-b103-82bc6a882ec6","444197.25","488616.975"
"7140cda0-e70b-4abe-ac16-34b7e5f77344","383748.88","422123.768"
"715144c7-a579-43e9-9286-2c1d25a94980","625947.39","688542.129"
"7186f043-dcff-423a-96d5-761870313cad","436366.54","480003.194"
"719a8e65-b7a9-4b02-803a-21cf166ff3e1","160730.74","176803.814"
"71a5ec0c-20bf-4fb6-bb69-562af4b8a9ae","176563.63","194219.993"
"71a828f6-8e9d-4cac-b8ca-58d47f94fa30","82681.52","90949.672"
"71dd6e0c-5f8b-4018-9987-ae7ad6f7e4c5","23877.43","26265.173"
"71f726c5-f32a-4c41-b2d5-65656c913afe","206184.37","226802.807"
"7227b570-2ec2-41c8-a856-25f1f87a1699","229550.88","252505.968"
"723578b8-e3d9-4139-b59f-7f1559c07487","164687.58","181156.338"
"7293a966-9cc2-4551-984a-bc849b7812ba","48173.25","52990.575"
"72ad33be-6f33-444a-8de1-5a210de3b2a3","498304.06","548134.466"
"732dbf3b-8497-4f53-b732-fc1bc6224619","383048.83","421353.713"
"73663221-40bf-478d-9591-d0a3951061c0","142347.70","156582.470"
"73ef2f8a-6e58-4fd8-b645-3e4502d87d8e","307318.79","338050.669"
"73f28d60-19c5-44a5-90fe-0bf22df8c430","561526.43","617679.073"
"742ba97d-d912-4470-904a-0fc2a71ab452","350927.86","386020.646"
"74f3e6a1-2fcc-43a6-b575-782ca6a887fc","370887.51","407976.261"
"75359804-5707-4ecf-8d92-66a3394f48a0","58776.99","64654.689"
"753e5894-65f2-43c6-8e9b-08b157c221d5","433573.80","476931.180"
"75990d5d-0b91-4b31-af7c-2fa6d734998a","165986.83","182585.513"
"75b30fdd-0750-4e7b-abfa-253f447f4219","90617.85","99679.635"
"75dc49e7-94e1-4c9b-b7f0-6b20efa2917c","430320.89","473352.979"
"75ff71f3-6477-4fa3-a613-a751582de5a3","472781.95","520060.145"
"7628b103-39cc-484b-95c9-2fe6c2427a34","466931.91","513625.101"
"765bf2d4-7708-484e-9351-13c8d7c2b02e","34274.74","37702.214"
"7758c970-ab28-4a71-8e90-034f2be33bb5","146087.87","160696.657"
"77b9742e-7c4f-46f3-8ed9-bead9a6bf57c","506569.14","557226.054"
"780221d0-ad35-4e95-aa76-0166359d8db4","410196.63","451216.293"
"788f2e0f-2a8a-4efa-8a54-20259e927f51","289357.68","318293.448"
"78e94343-e646-46c3-99eb-9780b44b0527","312984.55","344283.005"
"79a19f6f-8757-408c-846f-623ff6e5587e","361620.30","397782.330"
"79d68584-11f7-4aa4-b242-0d7348d5ca6e","625618.44","688180.284"
"79f7e75a-1f14-4d28-8f80-c353a0435242","265124.51","291636.961"
"7a0183a1-72e2-4f3d-9d54-71472361c2a7","411881.58","453069.738"
"7a4d87df-8444-4cf5-994d-652c128057b4","341546.67","375701.337"
"7a7ac8f2-5945-498f-a396-d0783ad355b5","232771.70","256048.870"
"7a8954e5-b858-440e-a2f7-04a5f45138a9","409023.00","449925.300"
"7aa2557f-09ee-449f-b025-2b3c136e9017","387930.47","426723.517"
"7ab39fbd-8024-48da-95eb-30128e96e865","447806.19","492586.809"
"7b05d700-ca2c-4a87-8339-8659a0ff6c0d","365620.73","402182.803"
"7bb6d815-5e6d-46f9-8f81-fc96d06ceaad","482425.21","530667.731"
"7bb734e9-48c4-47ad-9712-b9a363f4a818","122943.96","135238.356"
"7bbff284-3bcc-45ff-a934-1da7084686d7","650473.82","715521.202"
"7bdc1d78-c6ba-4e3f-9a50-dbc07ae31b41","435262.66","478788.926"
"7bde728f-2df5-4e77-86af-c281aab3c99e","404120.78","444532.858"
"7c115449-9453-4fda-8956-42c1a38156f5","377823.82","415606.202"
"7c534efb-aee7-4cb1-a71a-45d0fa3cbb4f","247286.75","272015.425"
"7c600f32-c01a-4d3f-8ad0-78ad27b50947","608852.85","669738.135"
"7c743be7-c2ff-41ab-820a-c207f8c7334b","372528.57","409781.427"
"7cb80864-71a8-4b95-8735-69515684f853","439517.40","483469.140"
"7d074f77-a6af-4050-8897-01fbfa6165a8","267447.66","294192.426"
"7d25ac4f-c6d8-48ff-a23e-4de10486ef4f","510695.96","561765.556"
"7d8f9951-4e65-4b66-bd7c-2820f1eff4c0","462992.65","509291.915"
"7e7df95e-2de1-4d23-92d7-1c1af23f22dc","374371.26","411808.386"
"7e844d52-cbf5-43d8-ba12-ef7b6456514a","29463.50","32409.850"
"7f364edd-6a6a-4915-89b8-393e62b0bad0","25536.64","28090.304"
"7f85972d-c5c1-4f03-bd32-d979852c2ebe","459466.14","505412.754"
"801c229c-dfa7-45cb-8651-7f9f7cedf794","24390.40","26829.440"
"805bd4f0-9f3b-4eae-8fc3-bc3824ad2f89","476785.52","524464.072"
"8137cf0c-75c4-4ae4-96ff-cf6c9bd20f02","533529.65","586882.615"
"81fe0ecc-7d4b-4188-b525-0afce519cdf7","381693.26","419862.586"
"821693d2-1359-474b-91a2-f0e578c08f9e","142734.83","157008.313"
"826c7b70-13b8-4bf1-80fc-dfeeed003075","548574.35","603431.785"
"82927fad-47e1-48b7-b286-b1699ab6c329","359793.40","395772.740"
"83408286-1b65-4509-834e-84d61c148a83","52677.49","57945.239"
"8383c80e-2080-4c19-b4c4-b97e773addf0","560128.75","616141.625"
"83cf5f2c-101b-4660-8e93-a1db65d53ba0","329195.65","362115.215"
"841eea9c-9cbf-443a-9fd0-2b68d69f6293","334224.88","367647.368"
"842a9d3c-be7e-405b-9f81-e71ce5b3b013","544239.51","598663.461"
"846601c2-608b-4881-9407-65b31a373c4e","419139.85","461053.835"
"846d8def-ea5f-4d4e-8d9b-cba88d55bbbf","277419.70","305161.670"
"84a1c1c4-424e-41b5-992d-df26152e0838","321593.79","353753.169"
"84a68132-de0f-4bbe-bda1-670f4af8329b","53307.99","58638.789"
"84f77f4c-9cd5-42ff-8856-37788cc84e03","282680.52","310948.572"
"850bb2ec-d919-4c17-bd5b-83408b5644f7","600522.98","660575.278"
"854bc560-f7ad-4e5a-bc3e-dd2b1d899025","338726.34","372598.974"
"8555b539-baf5-4391-97ee-1391fb75b774","450415.55","495457.105"
"85975923-3b93-4567-84e5-60a3139599a4","488172.91","536990.201"
"87119997-3f7e-4ec7-97f7-84da5b995c03","55031.83","60535.013"
"87917ac0-5c97-4e69-a3d4-23f1ed4c33d3","444040.14","488444.154"
"87a23c11-3bc4-4180-8da1-203238620946","257858.89","283644.779"
"88318c56-0e9c-477a-931c-bc8a195b2558","582949.17","641244.087"
"891078af-4438-42c5-a339-63abc316d055","590219.31","649241.241"
"89542dd3-afda-4254-8ef2-aa27f4a884f7","329583.72","362542.092"
"8a4725a3-adf8-4e00-a4e8-454b83c9a3ce","68218.96","75040.856"
"8a5ed7cc-5e1e-4d90-81e0-3a3e38d75226","230600.48","253660.528"
"8b075994-6173-4ebf-8557-020dc02e2b81","505216.39","555738.029"
"8b295cd2-75ad-47b9-a284-b04ab0f4276a","71854.66","79040.126"
"8b3b6917-ab7e-424e-aec6-f4b7d87a01eb","159163.75","175080.125"
"8c3aed27-f543-4e0a-9f2e-aa0c73292d60","225483.28","248031.608"
"8d1e3198-f328-4d40-9889-0848bf6e3cc5","212422.85","233665.135"
"8d4c551f-e0f0-46bb-aada-fad32fa72d17","264951.78","291446.958"
"8d646594-c705-4291-8c02-4038b235a5f4","220076.53","242084.183"
"8dcf1f77-1f47-4656-b01d-035f5a78506a","490469.41","539516.351"
"8def4e85-16f3-4278-aa77-42e8f9dca70a","123318.53","135650.383"
"8e18b3ab-f7c0-4a5b-a095-4b38f6079c40","169726.48","186699.128"
"8e56e98f-6040-4b8a-8ad9-0207e68a09b4","200210.21","220231.231"
"8e8008f7-35c8-40d8-911e-95912f1a334d","473991.38","521390.518"
"8eb9ffd1-7215-410a-b264-4c3bce497009","113759.14","125135.054"
"8f5f9ae9-945f-4d8b-aa0c-9ea7129d4c05","396072.22","435679.442"
"8fc9ac55-b09c-4357-a0f8-22b7b02ece19","534030.04","587433.044"
"903a1123-feef-4eed-80ac-28d237010738","12783.16","14061.476"
"9052dd58-7c7b-43e5-8a35-e093586725cb","127032.09","139735.299"
"909f1672-fa43-40b6-89fd-0ab3e6495810","280418.23","308460.053"
"90e90367-c70b-4603-b10b-544ad24cebe1","328889.84","361778.824"
"90fa2fc3-d10b-4f60-a539-823dbe641e14","143540.36","157894.396"
"915bb201-5755-4394-9a33-66b0709ecd99","441379.20","485517.120"
"91709ba5-9a55-4550-8acb-a9f75ede32d2","380475.79","418523.369"
"922e9211-94aa-4899-8a6c-e92576024fde","505633.02","556196.322"
"9253932b-65f1-41e1-aaba-ea5277566a16","419310.27","461241.297"
"92e892d5-79a3-4b0d-85b8-783bbc339918","308576.50","339434.150"
"9337af36-a322-4f34-b3ac-5fe493e1aca9","305571.12","336128.232"
"93ceed7b-e7cf-4903-a30f-17b0f81983df","285695.63","314265.193"
"93e5b65e-834d-4a29-b4da-d92f0242a747","250122.69","275134.959"
"93fad080-3d7a-49a1-93f7-9876ad292d1d","304072.80","334480.080"
"9422fffb-7613-45bb-94b0-0ea7f39acf4a","40836.38","44920.018"
"942c74a9-acd7-429b-bcc7-29394e8a32ee","14336.33","15769.963"
"94b13985-5814-4402-9614-e664c39cf4b7","261158.55","287274.405"
"94f16db9-08e9-4966-a311-1994bf6b1954","229614.15","252575.565"
"94f31b6e-51e0-4892-ad6f-4d08d5a3f439","109668.17","120634.987"
"9522a743-55dc-4acf-ae1b-2723a8db0b5a","523369.65","575706.615"
"9567f3fb-1267-48c3-9e45-24969054bbb7","334958.76","368454.636"
"9583a294-4efd-444b-82c1-105c90af6bc5","133213.28","146534.608"
"95cd3499-d820-4506-bdfa-aaa6c8edcbb3","151537.52","166691.272"
"95d721c7-7ea7-44de-b3cb-c1e158e4febc","380027.08","418029.788"
"95e28b12-742c-4582-b848-46b967aa9f12","422692.35","464961.585"
"962f11bb-ba70-4581-9203-d020f5b80361","152415.38","167656.918"
"967d36fe-9774-4033-b0a8-57cf899045a5","416475.72","458123.292"
"968c5ecd-d0ac-4d8d-af2d-2c0f3016c62e","103220.05","113542.055"
"96aed845-318d-41a3-9b6d-b208e1e2c3a3","46505.23","51155.753"
"96b364ce-9099-4c11-8c6a-ee29f48a1b44","500327.30","550360.030"
"96c4a8d6-ddce-42fb-b549-3bc6e9d6d1b4","110166.24","121182.864"
"9710f076-0a51-4aa9-b4f7-110bace51353","202074.03","222281.433"
"97132b16-c625-48f2-a919-ad2a5a1b59e2","172240.72","189464.792"
"974507fa-3ac7-440e-9388-d84fa8195bfa","233573.87","256931.257"
"977d4f67-2365-4813-8c28-465d8d7685f4","561034.88","617138.368"
"97c15b85-5d88-40ac-b0a1-4b4126b2e9fe","466551.66","513206.826"
"97cc6bb6-c40f-4114-b73d-4e2c726e2424","768761.66","845637.826"
"97e93419-6392-45d1-9e8c-fb6fc0bb3a52","448510.82","493361.902"
"982befbe-7e4f-4e9c-bc16-2c49248b1833","425542.69","468096.959"
"9897dd57-31ec-4aa2-aaf6-224309f91e12","41529.88","45682.868"
"98998361-4357-421b-8363-747a626c40a3","441145.76","485260.336"
"98e9890d-6243-4641-8ef2-8b01cf3ef732","591017.43","650119.173"
"9903cfa1-3d05-4a9d-9675-c161d46b7de8","103695.93","114065.523"
"99ad0db8-e04c-427d-82b8-0e0e8805a684","19402.99","21343.289"
"99dc790c-09cc-471d-bef4-487219cbd982","515570.54","567127.594"
"9a4585dd-822d-47ad-893b-a29a195786e1","373576.27","410933.897"
"9ab7a844-3eed-4407-af87-eae9404fc53b","447334.81","492068.291"
"9ae8eb88-5866-4a86-a75c-785217eeaaf3","476474.75","524122.225"
"9b34d4a2-4687-4162-9612-3e2ac69d3643","578396.30","636235.930"
"9b494a27-ad2d-49e5-8036-e72280e29152","317274.82","349002.302"
"9b63c605-c030-476c-b0dd-f9b4ae076ab7","566721.14","623393.254"
"9bb9dbf3-92a3-4558-98c1-bbcafd076767","531623.30","584785.630"
"9bf87aa6-c178-4e46-b3c8-6a96daf9f2b0","119292.24","131221.464"
"9c8c4351-76c1-459d-97bd-d8f40518b4b2","28477.06","31324.766"
"9cd72e54-834f-4008-be71-b31e628014fc","291672.15","320839.365"
"9d085f1b-02fa-4ebd-9a1e-38a490f0681e","532509.29","585760.219"
"9d135f8f-8bef-4320-ab2a-6155db44730c","411909.18","453100.098"
"9d6e06aa-0d8b-4049-b442-1e9c9cd35e12","135982.77","149581.047"
"9d711cac-30b9-4336-9905-9f7b85e4e4cf","260472.56","286519.816"
"9d8ab16c-923c-4361-86b9-76dd7c5f0150","397697.49","437467.239"
"9dd0229f-f8cd-4a99-aa55-44f7a5ea7b10","32139.87","35353.857"
"9ddf62a3-53d4-4a3d-b182-78ecf9ef0ee9","195334.30","214867.730"
"9e192bb2-31af-4d44-b7f9-0803db88f082","204546.49","225001.139"
"9e725917-f1ba-45fa-a79e-a865eb8e37d4","336398.03","370037.833"
"9ebaf2fc-21c7-4105-8537-54253d6b03a7","366812.26","403493.486"
"9f19cff6-6e35-4f38-9507-ac5658883598","354859.63","390345.593"
"9f34b9f8-97fb-422d-8568-1e86e777e27b","104955.97","115451.567"
"9f9f94de-5358-41dd-9012-183603adaff1","113262.78","124589.058"
"9fbff625-bac6-45b3-bbd5-5d8af00017e2","292397.75","321637.525"
"a0707c0f-e55a-4047-8179-b29e724ab560","401956.30","442151.930"
"a0f884cc-7289-46e9-928b-741776e47e35","395168.17","434684.987"
"a0fa050b-11c9-4b17-b05f-2d9d68cea3af","581483.36","639631.696"
"a0fc82ba-1a69-42ae-be9f-9f8b95fed30c","408654.50","449519.950"
"a10d96a2-3cb3-4800-99f6-14f685c2a7d7","240940.19","265034.209"
"a126eb64-d458-4f2c-86a7-0d4c2bedf0f3","286517.57","315169.327"
"a150831d-8fe3-4896-a175-7369880552b6","104712.26","115183.486"
"a162e1f1-35cf-43a7-8927-9b45a24cb41f","505124.09","555636.499"
"a19b699d-a906-4e4d-aa13-208f0a9a8a92","325623.06","358185.366"
"a1b61ac8-ade9-4719-a069-d4aa698dffa8","355814.53","391395.983"
"a1bd6c53-9bdc-4476-b587-d96ba830e062","347232.57","381955.827"
"a1e37f76-39c7-4507-9cc8-e68ffbf10e70","517363.52","569099.872"
"a2298647-133d-477c-81a4-2ad834ea3f7b","472616.75","519878.425"
"a26636de-e879-4308-a998-40db2e18532d","130600.54","143660.594"
"a2ba6783-dcc7-4c93-9bc1-fb84fcf33246","739349.08","813283.988"
"a31ce57a-abfb-4935-99dc-91addad03e45","312156.81","343372.491"
"a32fe79b-20ff-4b36-ac4e-b42e0fa34383","222627.54","244890.294"
"a34e5ea9-6468-43fd-b760-d9a0f62b78b0","113463.80","124810.180"
"a352032c-fd1c-490c-8029-262184af625c","529465.85","582412.435"
"a388b976-8175-4c06-ba48-ae8f1bebd5b5","406781.11","447459.221"
"a38c7aff-5b42-4caf-ad1a-cdfb0b203f1b","293228.32","322551.152"
"a40781de-2495-4130-82ee-539396105c6c","308883.40","339771.740"
"a4446503-c665-406e-991a-01e39162773f","188166.36","206982.996"
"a52f0c40-943f-4db1-abfe-239a1cc7f56d","365368.86","401905.746"
"a535db65-2a32-42df-b1b2-e3ef26aaca7f","80917.87","89009.657"
"a55f644d-ccac-4d65-8df1-2b4c0a124366","17029.50","18732.450"
"a6294c10-4fce-4773-8756-f53a950b2d86","182384.13","200622.543"
"a64fa108-486d-4fa8-882c-f590435b95c3","333123.51","366435.861"
"a6a669f0-2a24-472a-9af5-6831a77b799f","228452.42","251297.662"
"a6c89ab9-2073-4523-abb1-b4a83b8f0592","142516.70","156768.370"
"a6e96195-8656-4851-8b5a-93d3ed4ebbb0","256995.02","282694.522"
"a705ee7b-1777-4024-91c0-d45c08634c7a","423943.08","466337.388"
"a70c2887-c9a0-409b-b9d4-9f1e0bf86d3d","394353.03","433788.333"
"a7fa56d9-127a-4de0-9f69-0af231465fb4","536962.82","590659.102"
"a8180761-8dd1-4042-9932-15b114861163","48399.71","53239.681"
"a8278da7-6f53-4e24-8ffb-4886fa719b0d","334353.82","367789.202"
"a88e556f-3296-404c-a970-c7dee5761f81","304855.42","335340.962"
"a921dae6-ddfa-4a01-b842-6c6207f577f0","290208.31","319229.141"
"aa7922eb-c8aa-4a2e-8a0b-56f8ec35c664","376699.36","414369.296"
"aae443e1-65c6-409c-8305-be70432c4b10","89848.26","98833.086"
"ab443ca7-812e-4ea6-9f07-3cffd5415731","227197.18","249916.898"
"ab691bcc-2604-47b9-be84-9432c60bfe3f","402787.47","443066.217"
"ab858c77-1b85-488d-bbf9-57520756ee66","289111.05","318022.155"
"abc5fb26-1ed4-4532-8877-eeab52829252","520002.89","572003.179"
"ac354d97-8f74-4131-985c-f1342b1c5b6b","105202.41","115722.651"
"ac3dd5b3-2e62-45cc-b320-f6cf243236c6","295723.25","325295.575"
"ac6abde5-cc2b-400c-a056-7a97b522c448","249025.93","273928.523"
"ac8f0189-5af6-447f-86c4-0404382387d4","518672.09","570539.299"
"ac940da0-79f1-46b7-99d7-7b4a205e34aa","426528.16","469180.976"
"acaf0aa0-ab35-4927-a59c-1fb24e60ff93","94966.07","104462.677"
"ace62c6d-53ad-45c6-b4d3-0192b280bcd7","209699.67","230669.637"
"ad28d0f4-7e0a-4b25-98f4-ab677471cc92","144944.34","159438.774"
"ad66f0d4-f319-4903-b1ed-3a174eca19af","96813.04","106494.344"
"ad69cb11-5a7b-4fbb-89c5-f90db5cfa72e","60461.61","66507.771"
"ad7208ca-f9b1-49b4-85c3-4a43cd7e46e4","87160.12","95876.132"
"ae1e8661-f146-40ca-a81b-bee0e56ad977","534903.63","588393.993"
"ae293b10-9a94-4762-9fb3-c1b8fea615c8","10694.86","11764.346"
"ae3e0cae-71b6-437d-a4bb-4af2f0740c62","200550.20","220605.220"
"ae66dc90-9d28-4e2a-b2e6-d6dc4da9a993","67052.80","73758.080"
"ae7f8c92-7bba-48f6-9f06-436bcd54e84e","302514.55","332766.005"
"af1131a8-de97-460a-a338-17374dd87f4e","308593.90","339453.290"
"af287edf-9820-44af-9ec8-4b9d18b6bf7e","368151.05","404966.155"
"afcf5a80-5e0f-49dd-b851-9daeda7625f0","203766.00","224142.600"
"afdac30e-3544-4323-8e0d-e2c31801c07b","237897.78","261687.558"
"b05b79b9-1326-4715-b7ee-1a73cfa2b6af","69044.48","75948.928"
"b07ece75-fce0-4a4b-80e2-d884d6c8673a","516487.05","568135.755"
"b0ee4a07-ff5e-4dce-9aa4-1046e402fea2","265932.34","292525.574"
"b18310f2-fbb8-4125-944f-9580d3596f84","515507.53","567058.283"
"b1dbf283-8358-4973-aecc-37f65828adc8","465637.04","512200.744"
"b2767a79-7a65-4ec3-9253-b813a1955d69","474934.06","522427.466"
"b2b40d16-1049-4fd5-829c-e59bb79d5454","194195.82","213615.402"
"b2bf9d95-2840-4cb0-9e03-38401cf32c9d","149671.29","164638.419"
"b2c6f3a4-0086-403d-8fdc-f4dad6688579","645108.45","709619.295"
"b2d61b16-1a5b-47ee-a2f3-37fa8859a598","16136.99","17750.689"
"b332753d-5560-46f2-921d-68c410dd7095","668272.74","735100.014"
"b34b6036-d99b-46b1-ac63-5911818cc988","345854.54","380439.994"
"b35a94cb-e7f2-450d-9c2f-ffddb687a79f","710261.68","781287.848"
"b38b8f09-9f4b-4270-97d3-94c04b8baf14","208793.41","229672.751"
"b41fdf72-70e9-4c4e-bdad-1f6fb73876d2","437794.32","481573.752"
"b449319c-3cd2-48b5-8f80-e30e8aae4a1c","98841.89","108726.079"
"b472ba8c-5931-48cb-ac30-01dc8ed0cb28","42846.07","47130.677"
"b51abc61-4c03-4d67-9830-240c1edb4bcf","63487.80","69836.580"
"b521b025-c136-42d9-abc5-c8b51ab73b0e","48639.07","53502.977"
"b52fbc35-5271-4527-9dc3-3c267a16433a","447778.84","492556.724"
"b53396e7-c266-4a34-9afd-74d779a31260","286634.13","315297.543"
"b549c63b-ff13-4e3e-b586-cdac2487dfeb","332325.04","365557.544"
"b56b950c-2677-4774-ab7a-0a7819476d08","285218.82","313740.702"
"b5730177-a52f-40db-8080-7f2c7478e65a","129246.44","142171.084"
"b595a321-f9cb-47f9-9117-32431a483bf7","607727.77","668500.547"
"b5bef90c-f651-44cc-a89f-8f39551e1067","306449.29","337094.219"
"b5fdc527-9be9-4b8c-a69a-6d1eda18238f","317363.08","349099.388"
"b64c780f-57d5-4a50-b3c5-21d4914e72b1","1216.69","1338.359"
"b658954f-778b-4cdf-9beb-92a6040f8def","205454.07","225999.477"
"b692d13a-bbc7-4b93-95fc-1d4c816e5739","396794.65","436474.115"
"b6b2c90f-5d33-4f81-95ec-6e412a8394e1","555501.47","611051.617"
"b6c3571e-8d4f-4349-a8e2-6a4ddb211469","426477.44","469125.184"
"b6fdeac0-db72-4f99-9f4c-761191014137","6560.69","7216.759"
"b71892a9-3f80-4ffb-9057-88d77810c976","415887.47","457476.217"
"b7522d6f-e803-445d-8e5a-81da684b8f9b","153766.22","169142.842"
"b75b29eb-375a-44cb-adfd-c9677aadcc37","484133.14","532546.454"
"b7a9d4a3-805d-414c-93a7-5db1e2d4a8ea","399879.43","439867.373"
"b806bd21-66c4-4029-9685-672c219737f4","399637.79","439601.569"
"b85957ae-67af-42c2-be0a-eba7c12e638f","93134.37","102447.807"
"b87249c8-e6ce-429f-ba97-77be16ed9a06","37874.23","41661.653"
"b873e79d-4cea-4f13-82de-5395e916f568","305605.72","336166.292"
"b8918192-6815-4022-b0d4-38c53e9921f0","408856.43","449742.073"
"b8e0c299-55e1-4e34-9375-79ff1b64fe62","249837.06","274820.766"
"b92511e1-cd83-46ea-870b-61f592386b29","335663.14","369229.454"
"b937eb15-6bef-4e95-bd1c-183e3efec790","411052.07","452157.277"
"b956d191-04a4-45a3-bdec-26c08a1bac3a","462563.81","508820.191"
"b9a2ba57-c493-4897-96c6-2fe504c79a8a","337587.89","371346.679"
"b9b6c1b9-6deb-45d1-aa14-dc79e3d0af2e","92564.12","101820.532"
"ba22d501-7e5a-4f21-9fac-cff231d9016e","63178.74","69496.614"
"ba3a884e-129a-49b5-8ea2-d3599b36dcc1","604660.39","665126.429"
"ba520606-8054-4f5b-8ed0-b34460d742b4","568431.27","625274.397"
"ba7ac23f-513c-480e-9b99-5257c400034c","3825.00","4207.500"
"ba8a92b0-7c94-4e88-91c5-3e2df0ee6117","318270.85","350097.935"
"bac510cf-554f-4063-ba14-a46d82df41bc","780084.95","858093.445"
"bb3e80a2-652b-479c-b7e6-10e227ab4230","531824.81","585007.291"
"bb3ff1f6-e5d3-4288-b563-f8bb5896a306","320662.63","352728.893"
"bb4f79bc-5742-4526-8e38-69106a083b26","476677.96","524345.756"
"bbc99d83-8cd0-46ac-a716-2f95d9919630","196546.69","216201.359"
"bc2652be-22e1-4107-abac-cf48c2974174","139938.70","153932.570"
"bc4f867d-49c6-4999-a046-0738182c7f03","480794.23","528873.653"
"bca085e2-7dde-4c0f-a629-ff697be8155a","204423.15","224865.465"
"bd111a06-f3ba-4429-bea6-42d2260117bb","89482.48","98430.728"
"bd37c3a6-4335-4c11-9f54-160c60de24c1","460821.21","506903.331"
"bd6419b0-8b33-4be2-944f-8ad5b473ea80","575064.81","632571.291"
"bd8ba59c-4be1-42aa-b7e4-d87458f3f926","530001.73","583001.903"
"bd9a6505-cb1d-4211-a583-82117b238be8","508932.15","559825.365"
"be2c7151-1978-4275-9719-a06e31af24c4","420651.65","462716.815"
"be77bd2e-c6e8-4ed4-accb-10041112ea9b","212886.84","234175.524"
"be89c96d-d544-4db6-9fef-49112aacf314","245466.50","270013.150"
"beb3c744-ee4c-4cf9-b08c-1d874c0f4593","114851.33","126336.463"
"bef48860-bb55-4170-81db-cc1e215340eb","289013.22","317914.542"
"bf0f67f6-08e3-4468-8dd2-95a945a81f11","274890.24","302379.264"
"bf56dceb-ba9f-4e51-bb8a-e55374ab3e64","413619.46","454981.406"
"bf64043d-9d74-4170-9e86-11a973fd5224","146526.02","161178.622"
"bf6850e3-399d-48e8-81e6-af825c44300b","212995.35","234294.885"
"bfca87a1-4e7b-4f9d-be08-87ac4ef2db31","433724.52","477096.972"
"c049f1ad-71c6-4276-9aed-fbf038b7049d","469105.97","516016.567"
"c0c3ef5e-9c2c-4198-aebd-72a1b19403ba","324573.43","357030.773"
"c10fd1a2-5ac7-47f7-a2a5-b14a09746d1f","151242.05","166366.255"
"c1241d1e-f39a-404a-9864-31ca2b2911cf","145348.95","159883.845"
"c18effa9-12cb-47c6-89d3-1841861fc612","339480.54","373428.594"
"c1995e12-0834-423c-aa39-50ef9bf0a1c3","510970.34","562067.374"
"c1a9e75f-a7f3-4c7c-b79b-dc24631c91c4","238495.33","262344.863"
"c2a288b2-d32b-45ac-b113-03022bb9d501","66871.54","73558.694"
"c2b85f64-694e-4bce-bf47-81ca8257fb27","86152.41","94767.651"
"c2f6ad89-8f8d-4bf9-956e-ace68d619b5b","562292.45","618521.695"
"c31b7cb2-fa69-42b9-909d-649f2a42275b","231007.98","254108.778"
"c35dc2bf-8be3-43ad-b63d-c7a9bc69e4cb","448997.85","493897.635"
"c3954501-f772-467b-bf95-97e88d14d17d","523992.02","576391.222"
"c39f4bcb-b9b6-4c1a-8fbd-e5e4c7097238","73991.24","81390.364"
"c3ae4660-50fe-4346-8d1e-7fee683df641","529264.54","582190.994"
"c3cadd16-aca6-45fa-b77b-46420880cdab","314917.79","346409.569"
"c3d08bc9-1fe0-4028-a2b9-ffa0549d3161","391129.46","430242.406"
"c3e41970-d440-46c2-a6ec-0a3cdc2f9d8e","439663.46","483629.806"
"c4eb1258-880e-496b-bae0-ef93a648bd95","306898.08","337587.888"
"c4f565e4-8b44-4b78-ab43-20b55feeab09","584582.33","643040.563"
"c5060d07-d68d-4e0f-9888-426407366192","153230.67","168553.737"
"c525ca70-294c-4688-bd9f-ea9ab140c292","204828.31","225311.141"
"c59e498f-1343-4e11-92a1-15d7699973ee","100335.88","110369.468"
"c5b26ab4-e0c9-475b-88a7-0b552782dc45","229553.49","252508.839"
"c5caa62f-58ab-446e-a852-773b602973fa","523884.67","576273.137"
"c5d72ddd-ecda-4678-bd4f-c359f96e2d61","466354.55","512990.005"
"c5e0c3d3-2555-41e3-b09d-d971cff2c753","47699.32","52469.252"
"c646c1d0-52b6-4e4b-b230-fa0c9bae3396","46871.06","51558.166"
"c64b397e-2ead-4468-9214-4264662ce896","171305.12","188435.632"
"c6716d30-7800-4f59-91b4-7d5d41a6d44e","343394.08","377733.488"
"c686b308-3ffb-488b-9ae6-ce200f112f41","489849.43","538834.373"
"c6b51499-af8f-4b37-bce0-ad9bf7c7f404","471016.36","518117.996"
"c73c4b35-fb95-4901-9a64-df0a1637cf01","96791.64","106470.804"
"c74736c2-a283-4e79-8045-196a3a2fc311","160610.56","176671.616"
"c75a56fe-8cb3-47dd-bdce-cd746a927db1","201866.82","222053.502"
"c776e470-84b2-450d-a0a3-1b4b6a394397","197436.65","217180.315"
"c83d2b08-06fc-41da-80c8-5f9a0baf2551","296301.32","325931.452"
"c8412704-3638-43ff-a8de-d5969360f514","253214.87","278536.357"
"c87f9841-fc73-497e-827c-80b50c8d3c60","166201.44","182821.584"
"c8bb8c23-05a8-4ea7-a920-4b0c176d28fb","488022.06","536824.266"
"c8d4a5d8-8a99-4e8c-a32b-cecdbdc14b93","252991.78","278290.958"
"c8f54b9c-571d-4200-a322-dac282444d15","463704.57","510075.027"
"c919021d-8c2d-42cd-9ee5-60361f880097","318562.45","350418.695"
"c952b06b-fc74-4e3e-8191-e8bc252376cf","145213.56","159734.916"
"c9563b40-01e5-4c48-8e73-c4a8d0f3b9bf","366088.60","402697.460"
"ca40c525-d0a9-41dd-928a-2dc423753476","454378.21","499816.031"
"ca71bc8d-f944-4fe8-9e27-32cbdbdd5e83","279159.36","307075.296"
"caa76d07-c86f-43de-ad68-87fdbd8c1c04","418639.60","460503.560"
"cae109c8-72c9-4ca5-baa9-11375fddedc2","116232.75","127856.025"
"caec92f7-6e4f-463f-a597-18aebb4b1a8a","462950.31","509245.341"
"caf20b72-1f35-40fc-9040-cb09adc01057","285447.09","313991.799"
"cb0604f1-968c-47ae-9a8c-15eb46e9238c","285354.29","313889.719"
"cb3f0022-a161-4349-a549-9d9c6c819ba2","47609.03","52369.933"
"cb50feef-b8ed-492f-805a-e7629c1d16e8","152384.41","167622.851"
"cb5f793c-4521-49e2-88e4-859be5e74362","29665.31","32631.841"
"cbc36e8d-9373-4583-892d-6a1139dbff32","483096.64","531406.304"
"cbd9eaaa-85ec-4dc0-b504-a405a8407190","257417.70","283159.470"
"cbfc871e-0a49-4d8c-a1b9-bceb9f7e0fa5","349621.43","384583.573"
"cc22c1dd-b7cb-46b7-b480-2f741e0677e4","312837.43","344121.173"
"cc34df3c-4b81-4dbc-abcb-00b9ffa0064f","421985.61","464184.171"
"cc6e3660-91e8-4fad-bac9-189a8463d17c","2538.59","2792.449"
"ccb0f4dc-8897-490a-9bf0-8fee74714fbc","281833.75","310017.125"
"ccd82f23-9fa0-4a1a-b206-4a4dd2e03775","317728.74","349501.614"
"cd4fc4c9-f859-45cf-95d8-9d4fcc8bafbc","266003.30","292603.630"
"cdd49ff4-d58e-4f24-9ec1-f5475d621a64","480878.34","528966.174"
"ce53a8b9-dc3f-4f62-a4e0-691483a29b68","308716.01","339587.611"
"ceb11565-fa62-4cd0-886f-de93234c60ff","618442.04","680286.244"
"ced8bf6a-d79e-49e2-a939-aa3e424c6669","530574.47","583631.917"
"cedda171-d6b5-447a-86da-2114e9391936","443138.50","487452.350"
"cf1fb9e2-0349-4272-9336-1fcb31410f84","347833.30","382616.630"
"cf627bab-ae96-48a9-9147-be4e82834c45","403952.25","444347.475"
"cf8fadc1-25e9-4baa-943c-4ad1515d63b1","12579.16","13837.076"
"d00bbafc-b03c-4f70-b2f6-2fb64ae4d9cf","231069.19","254176.109"
"d03f0134-f522-4842-bd71-c26c9220c8c2","538027.14","591829.854"
"d0704dd9-4b9d-4e34-9de2-be77fc4f2c9e","476479.98","524127.978"
"d09cfe3e-0155-4872-8486-3c4e81bfcd12","230086.56","253095.216"
"d0bb864d-1113-4499-9dc9-e9d965ea3961","95323.69","104856.059"
"d0d5e496-8c43-4dec-b67a-90d2aea09fea","486444.65","535089.115"
"d11ea16f-ae84-465d-bf9f-d689bfe4bc6a","406423.35","447065.685"
"d22d6aa3-0d49-4c89-8569-2e8c55200b2f","716288.93","787917.823"
"d24d6cd4-6d04-4f0d-b21e-241f8e0d56fa","68193.92","75013.312"
"d2777feb-857d-4a0f-aa7c-9b2aee5d0bb4","565612.95","622174.245"
"d28a56dd-f443-45c5-ade5-cb49adfa05e3","210225.68","231248.248"
"d2c137bd-1074-42db-ab06-58de549dd985","126226.93","138849.623"
"d2d22c05-b131-48ca-b342-29c7bec8b1e4","289654.86","318620.346"
"d3243ad8-5dfe-424d-a456-e789c5df5592","562428.91","618671.801"
"d32e1ced-a0b9-4827-b959-e28035313e1f","305485.21","336033.731"
"d3790e68-c101-4e96-951a-42374f40951f","132840.61","146124.671"
"d3af92fa-6b5a-4a09-8c44-2090a054a47f","435646.12","479210.732"
"d3cf8fd1-b19a-4c9d-bd18-7c5ffd294df7","332710.55","365981.605"
"d400f476-bf10-4654-8096-32b380ea0aa2","599821.29","659803.419"
"d401447e-1d20-4e48-a4b0-2d31e5a57b81","250983.32","276081.652"
"d41e5e21-0c0d-40f3-b765-fe7bc6bb3cc3","101949.40","112144.340"
"d46088c3-c044-4a8f-b688-74cc73de4a8d","644830.36","709313.396"
"d48ffcb8-5e58-4afa-a232-d5463e2350f2","107440.96","118185.056"
"d5358192-ce6e-49ae-8ac9-f363e0903980","88277.05","97104.755"
"d5434686-affa-4403-b9e3-9a408420b7b1","503962.93","554359.223"
"d54e66dd-0081-4be1-af4e-d8df0e494b26","456580.87","502238.957"
"d5e58d30-25e4-4dbd-8e93-aa441677e560","265481.98","292030.178"
"d601e2f7-59d7-44d6-a4c9-ab1904e7759a","592225.88","651448.468"
"d62c7938-5f8c-4d1c-ac2c-fda06ea61e79","3851.68","4236.848"
"d6ac2dbf-1a77-40cb-b942-fd91347981e3","327044.27","359748.697"
"d6aefbfb-b5e0-4c32-952d-1aafd35cd091","231155.90","254271.490"
"d6af1cfe-e8d3-41bd-8863-6443cc74fb4d","177983.71","195782.081"
"d6ec6433-fa46-40b0-8227-a716b790651d","228856.69","251742.359"
"d78d69f8-0d9c-4eb6-9107-659dc27d6be4","386959.31","425655.241"
"d7a84928-adc1-4793-94a8-971ec6c9ccb2","553710.27","609081.297"
"d7c71c8b-c279-4d1d-8a76-53ecfc5aeeb9","431212.62","474333.882"
"d7e35987-9a45-4e9e-b623-b5c3f73dc2e8","289184.14","318102.554"
"d8a26e4b-0bf3-4996-a149-3c4c0522aba5","602842.60","663126.860"
"d8b2852f-ff51-4b9f-842e-ad4cceae21de","310334.82","341368.302"
"d8cf2dd5-c766-4d74-a63f-cb5cfef76025","163479.84","179827.824"
"d96233ff-f2d9-41f3-967f-73471780a3d3","231900.44","255090.484"
"d99873db-1992-4a65-b0a9-2f0ced559b63","481592.13","529751.343"
"d9c9b43d-03f8-446b-98f1-fb4f56203025","454003.74","499404.114"
"da391d7b-de3b-455e-b403-531999581994","326289.94","358918.934"
"da5eaa5d-5fef-4fcb-a855-0cfa61cdd4b8","234053.03","257458.333"
"dab4867e-7b4b-412e-b895-fb78b8c43d46","251742.36","276916.596"
"dab89351-84a8-4f5f-8c38-4f43c25b7d8a","407648.80","448413.680"
"dbbcaf24-dedd-4831-99c4-0a8a4a977e4f","512450.96","563696.056"
"dbbe7eb2-1d9f-4365-acf6-d5b060f3d6eb","337723.42","371495.762"
"dc507a6e-ea09-4753-a5ab-d69780b08243","184808.84","203289.724"
"dca6b501-4c8a-4ea9-a469-68d00540da4a","659849.80","725834.780"
"dcb36920-a8f0-4079-975e-dcece09b5655","754494.90","829944.390"
"dd168f08-364c-457b-b02f-92fff01fa086","616217.18","677838.898"
"dd7f1926-c627-4130-8a55-5817334549a7","569899.31","626889.241"
"ddf24f17-25e9-44ec-89e4-2e5bf0f15ce0","276916.75","304608.425"
"ddf92795-faff-4250-96e5-5f68ed5d716d","265803.25","292383.575"
"dea7678b-d38c-4a45-92d4-13b48dd212c0","77222.17","84944.387"
"df5fcbf5-369f-49ee-bcf5-88d8facb31cf","330169.57","363186.527"
"dffc7ac4-84f3-415f-bad8-9a6bef761ab3","281421.48","309563.628"
"e01465e3-cc6f-46a4-a7d5-c0245f91f633","356116.74","391728.414"
"e02ee43e-0893-4201-bc26-519aa50c42de","117165.29","128881.819"
"e0f5a4f2-947e-4533-b9ed-2cec9fa18ccf","374134.55","411548.005"
"e109ee70-cfad-4939-880c-e7b26ef17de1","258103.51","283913.861"
"e132d122-3f20-4454-b8e3-d8b0698dd0c7","189146.55","208061.205"
"e168c525-3de6-4b9a-9935-3739b6dc8538","25849.13","28434.043"
"e17ce45d-f640-47ea-914a-417512b7dc48","291754.10","320929.510"
"e1dea34f-0fdd-4ae5-b9f1-c41460f9bcdd","529416.97","582358.667"
"e2285341-720b-4166-ad1d-87421e081961","187377.59","206115.349"
"e24a468b-fbfb-45a3-a21e-da4cd96c3288","153469.46","168816.406"
"e25edc93-d73d-4ab6-99e1-ed85fe43c35f","356966.32","392662.952"
"e2a28584-ba77-4b2a-9516-554d0060d025","212213.01","233434.311"
"e337aab2-5009-4b45-aada-b9d66a26ca99","521892.34","574081.574"
"e3bfa869-ffe5-4a12-a082-1001c540ef52","268884.84","295773.324"
"e53d8723-07d5-4d85-adf9-ff7fea25e98a","26822.70","29504.970"
"e5466a87-0a33-4f7c-a344-9eb27f5a5746","228983.87","251882.257"
"e55da683-b7e1-4325-acd1-3a7b51b416f4","387661.02","426427.122"
"e56338cb-57e2-48f2-a47e-766c09f4b5e7","505686.94","556255.634"
"e571d0b2-1a5d-48f2-a9a8-23a5ef43e10d","511949.46","563144.406"
"e610b245-8a1f-4773-a656-3a39e75e909b","261735.80","287909.380"
"e63f12d3-51d3-4503-8dab-f9b05a79f4b0","84910.62","93401.682"
"e70ba307-f729-47e7-9ca3-d4aa3c628141","261984.93","288183.423"
"e7189b0d-dbd6-4edf-a2af-2cd3ebb8e910","438977.14","482874.854"
"e733e038-ce5b-4fc5-8d6c-abc8178a2daa","461927.94","508120.734"
"e747a43a-fe61-4117-ae3a-ccdedff75b9d","590312.00","649343.200"
"e75605f6-7391-4353-94b9-8ce6d8cba4e3","19885.27","21873.797"
"e76434b6-f022-4221-8915-2162dcb11cb1","88800.45","97680.495"
"e7804477-4a98-41fb-bf70-b9775230842f","504542.56","554996.816"
"e7d8dbb4-3dae-4d8b-b253-180b56293b1d","310268.46","341295.306"
"e7dcc5fe-2f6c-4cb1-880e-566f81a35acd","636711.47","700382.617"
"e84c70ad-5854-408d-a5bf-9302841e0053","62770.65","69047.715"
"e8d73edc-2de6-4cd5-8696-16ca68d0d2e5","351545.02","386699.522"
"e8e738c7-6bd3-440e-a90d-f79b731460a7","188291.07","207120.177"
"e92979b1-1f9e-4ca4-8876-5f6bbd89f9b1","498869.27","548756.197"
"e959060f-0166-4d1c-8361-0c017ead9872","123685.01","136053.511"
"e9cc085a-b2ff-4dc7-bc0f-ffca16f98497","320681.04","352749.144"
"e9df7e91-fd37-4ea2-b1d0-b19932a14fa6","736159.18","809775.098"
"ea2b935b-cd40-435a-b8a4-babf709743af","460064.58","506071.038"
"eab987cf-e46e-4504-a6ac-cfc910db93c4","289469.63","318416.593"
"eb71539a-d947-42a8-8b65-85f562aaf7ba","58860.16","64746.176"
"eb7fe0bc-2467-4334-9d5b-2b0e4cd902a4","448369.47","493206.417"
"eb9bf353-11f4-4967-b23e-9b610609e900","448735.56","493609.116"
"ebd49190-a4e3-4a76-98e2-2e45bf497960","650159.02","715174.922"
"ebd82ffc-cc8f-424f-87d3-21c555900f45","6182.45","6800.695"
"ec824c23-7d72-43c1-a4c7-ade99c3a6381","320887.14","352975.854"
"ec98c81c-3ca2-48d2-b3e2-74365e5b93b1","303773.62","334150.982"
"ed09a946-3b09-4796-9ac0-2bc77cd0f830","684181.19","752599.309"
"ed624e72-437f-4c45-9a56-71822fc8d09a","159428.42","175371.262"
"ed78d7b8-cbd9-4739-af75-a256d383ee2b","317848.20","349633.020"
"edfbab40-a0f9-4437-9192-32736a9b6d28","159559.48","175515.428"
"ee4687f2-d9ce-4404-889f-d6b43f284cd8","396463.63","436109.993"
"ef42d87c-4fd1-4990-b068-1e270612ccc9","243080.26","267388.286"
"ef4668cd-5b22-41c7-99c3-744d6e03a518","162795.64","179075.204"
"efcb1d95-136e-4c6a-a22d-977c83bda4d0","413684.61","455053.071"
"f00bf00e-d025-4310-8625-483982affc4a","44246.72","48671.392"
"f04da994-7109-4f58-95e6-0055b04c69c9","458971.23","504868.353"
"f065b9cf-b901-4342-90de-9adb0d4aa77e","192496.94","211746.634"
"f06a71e9-8b35-4ff8-b87b-7752ae5772f2","566470.83","623117.913"
"f06fc222-bd5b-4614-8abf-99725cd7a9e2","561612.30","617773.530"
"f098deb7-3ca9-4079-b843-5c1d95a27220","349910.95","384902.045"
"f132c128-b64a-4595-ba61-4ca00cd0a9a4","87017.15","95718.865"
"f19237fd-8a77-423d-bb26-e342eecdefb8","267120.15","293832.165"
"f1e96f87-fed1-458d-80f8-9151be1ca9a8","51388.92","56527.812"
"f2080982-87f9-4a18-8dff-2f9ac35b9002","469172.21","516089.431"
"f22bae02-5a99-4783-97da-4e361fee3e45","357442.60","393186.860"
"f2975fd5-003b-4052-a097-70763a0a07b8","101347.88","111482.668"
"f2ede62a-421c-4cb0-b76a-5a06f77b67b8","182543.42","200797.762"
"f386399f-97fb-4624-8bbf-bdfee2520a7b","73697.81","81067.591"
"f3ed90e8-0179-4e35-a487-2cd8d3fcb608","146866.79","161553.469"
"f40e5d4c-8fd9-4eb7-a643-95285425fac6","302508.00","332758.800"
"f4518e33-0506-48fb-947a-fef1321458c6","49433.91","54377.301"
"f457a37b-0df2-4393-8fcc-4ea6010f0224","403952.25","444347.475"
"f4614988-4bd7-4f53-b3d1-1906a45cf93e","113870.94","125258.034"
"f4e1d6b7-4cd1-40b4-ab04-0e1b0e3f7fdb","17944.29","19738.719"
"f5653fe9-357e-4ee7-a0ca-2128245b0761","434706.10","478176.710"
"f5666e1c-4285-497f-b8ab-32f0c36d25ef","548516.88","603368.568"
"f583dae8-d845-4e67-a3b3-57f9bd94cd6c","310309.65","341340.615"
"f587dd55-c358-4f63-bb72-e53c47fb9b0f","274082.40","301490.640"
"f5a4b5ba-c705-4a84-91e0-7996c7ad1821","379266.87","417193.557"
"f5dce31e-5d15-4c54-9ea9-5a68e80ca7d2","482841.01","531125.111"
"f724a670-8aed-49f1-927c-24ce6906039c","620302.27","682332.497"
"f75533b6-6820-45e5-a178-893bf5231470","89657.99","98623.789"
"f75b5edd-5a7c-435d-9314-746ff66a594b","79192.69","87111.959"
"f78863fc-1f4f-4d57-9598-8fe6d9be3d16","549540.96","604495.056"
"f79f3afd-42c4-4ce8-8f92-10e38cc29bcd","79589.92","87548.912"
"f7e32ac8-f611-4e7f-b379-d488e2bb6903","524314.88","576746.368"
"f8052445-d48d-497e-96a7-44784856272c","424329.58","466762.538"
"f807375b-2676-4709-b9cb-01a6878eaca4","622434.24","684677.664"
"f815fa02-aa0d-4f6d-b68f-916c05ed7273","60864.84","66951.324"
"f8a5b4dc-5d96-4047-84fa-98effd1dd50e","517004.24","568704.664"
"f906b48c-5ff1-49e9-ba51-47e3b81eab83","558077.91","613885.701"
"f93bb2ed-eaa4-4cf4-a675-046ac1a084e6","208147.75","228962.525"
"f9a6ed88-4c51-4539-aa01-1843cd597238","488536.90","537390.590"
"f9ca4b32-d871-48c5-a6b1-bbe7d5a5cd97","216365.13","238001.643"
"fa1d09ad-02da-401c-9774-24728cdec374","345101.02","379611.122"
"fa220aad-6d6c-4a86-bcd4-4cbe62384d71","480853.18","528938.498"
"fa9cdd0e-8b1c-4d06-8b9d-84c9244221ab","404720.90","445192.990"
"faf28c54-d4f9-46c1-a36e-f4d20fc1cf71","169227.58","186150.338"
"fb15458f-f9be-4d25-b0a9-64d28eb5e9f6","444582.69","489040.959"
"fb5bc93b-c3d7-44ff-b7cf-b40b72b7397b","677979.57","745777.527"
"fbda2d76-d1c4-41b4-8e11-d60004a4b5be","603724.98","664097.478"
"fbf208cf-04cc-483d-a4ff-43330fa4ebdb","520912.81","573004.091"
"fcd1e75f-c1ac-43de-a68d-3f248564b61b","359225.76","395148.336"
"fcff81f1-314b-4a72-a6d3-3de9cf53fc36","83241.14","91565.254"
"fd4af183-488e-4fdf-9303-19e6a43c8cdd","405802.78","446383.058"
"fd6175f5-f766-469a-bf91-825c9fcbf0db","473130.61","520443.671"
"fd8d41cb-4a90-45f8-871f-2e6afbf46dd4","329664.21","362630.631"
"fdc93f57-447c-4110-b7df-caa3288e4667","411287.33","452416.063"
"fe3ff2ef-f3cd-4508-bf1d-eb42045d5f7c","377942.37","415736.607"
"fe4c75b3-e9ea-417f-b513-72084408454d","768455.39","845300.929"
"